{"cameraMode":{"drawMode":0,"name":"Shaded","section":"Shading Mode"},"sceneLighting":true,"audioPlay":false,"sceneViewState":{"showFog":true,"showMaterialUpdate":false,"showSkybox":true,"showFlares":true,"showImageEffects":true,"showParticleSystems":true},"in2DMode":false,"pivot":{"x":-880.423828125,"y":274.85516357421877,"z":386.0306396484375},"rotation":{"x":-0.10805661231279373,"y":-0.027736252173781396,"z":0.003016415983438492,"w":-0.9937570095062256},"size":814.87744140625,"orthographic":false}