{"cameraMode":{"drawMode":0,"name":"Shaded","section":"Shading Mode"},"sceneLighting":false,"audioPlay":false,"sceneViewState":{"showFog":true,"showMaterialUpdate":false,"showSkybox":false,"showFlares":true,"showImageEffects":true,"showParticleSystems":true},"in2DMode":false,"pivot":{"x":671.5238647460938,"y":262.8973083496094,"z":-25.872039794921876},"rotation":{"x":-0.009939988143742085,"y":-0.8396540880203247,"z":0.015375368297100068,"w":-0.5428155064582825},"size":214.08609008789063,"orthographic":false}