{"cameraMode":{"drawMode":0,"name":"Shaded","section":"Shading Mode"},"sceneLighting":true,"audioPlay":false,"sceneViewState":{"showFog":true,"showMaterialUpdate":false,"showSkybox":true,"showFlares":true,"showImageEffects":true,"showParticleSystems":true},"in2DMode":false,"pivot":{"x":703.9456176757813,"y":-934.001953125,"z":5922.56640625},"rotation":{"x":-0.09763696044683457,"y":-0.01881183125078678,"z":0.0018463603919371963,"w":-0.9950461983680725},"size":6516.52099609375,"orthographic":false}