{"cameraMode":{"drawMode":0,"name":"Shaded","section":"Shading Mode"},"sceneLighting":true,"audioPlay":false,"sceneViewState":{"showFog":true,"showMaterialUpdate":false,"showSkybox":true,"showFlares":true,"showImageEffects":true,"showParticleSystems":true},"in2DMode":false,"pivot":{"x":351.3143615722656,"y":186.98602294921876,"z":-4.09368896484375},"rotation":{"x":-0.10062166303396225,"y":-0.018806207925081254,"z":0.0019027882954105735,"w":-0.9947488307952881},"size":631.8107299804688,"orthographic":false}