{"cameraMode":{"drawMode":0,"name":"Shaded","section":"Shading Mode"},"sceneLighting":true,"audioPlay":false,"sceneViewState":{"showFog":true,"showMaterialUpdate":false,"showSkybox":true,"showFlares":true,"showImageEffects":true,"showParticleSystems":true},"in2DMode":false,"pivot":{"x":-120.69593811035156,"y":370.2198181152344,"z":-139.82962036132813},"rotation":{"x":-0.09144911170005799,"y":0.07073809206485748,"z":-0.006512701977044344,"w":-0.9932734370231628},"size":1620.4266357421875,"orthographic":false}