{"cameraMode":{"drawMode":0,"name":"Shaded","section":"Shading Mode"},"sceneLighting":true,"audioPlay":false,"sceneViewState":{"showFog":true,"showMaterialUpdate":false,"showSkybox":true,"showFlares":true,"showImageEffects":true,"showParticleSystems":true},"in2DMode":false,"pivot":{"x":522.0234985351563,"y":357.0102844238281,"z":1127.4754638671875},"rotation":{"x":0.15942703187465669,"y":0.09166479110717774,"z":-0.014867651276290417,"w":0.9828435182571411},"size":1736.3504638671875,"orthographic":false}